timestamp,site_id,buoy_id,salinity_ppt,soc_percentage,soil_ph,water_temp_c,sea_level_anomaly_mm,dissolved_oxygen_mg_l,status
2026-08-16T10:00:00Z,sundarbans-wb,BUOY-SU-01,24.5,4.8,6.9,27.2,1.2,6.8,NORMAL
2026-08-16T10:00:03Z,sundarbans-wb,BUOY-SU-01,24.6,4.8,6.9,27.3,1.2,6.8,NORMAL
2026-08-16T10:00:06Z,sundarbans-wb,BUOY-SU-01,24.4,4.7,6.9,27.1,1.1,6.7,NORMAL
2026-08-16T10:00:09Z,sundarbans-wb,BUOY-SU-01,24.7,4.8,6.9,27.2,1.3,6.8,NORMAL
2026-08-16T10:00:00Z,pichavaram-tn,BUOY-PI-02,31.2,3.9,7.2,28.6,2.1,5.9,NORMAL
2026-08-16T10:00:03Z,pichavaram-tn,BUOY-PI-02,31.3,3.9,7.2,28.7,2.1,5.8,NORMAL
2026-08-16T10:00:00Z,bhitarkanika-odisha,BUOY-BH-03,22.8,4.4,6.8,26.8,1.5,6.4,NORMAL
2026-08-16T10:00:00Z,gulf-of-kutch-gj,BUOY-KU-04,42.1,2.7,7.8,30.1,3.4,4.8,HYPERSALINE_WARNING
2026-08-16T10:00:00Z,chilika-lagoon-odisha,BUOY-CH-05,18.4,3.2,7.4,27.5,1.1,7.2,NORMAL
